"mean_diff","sd_diff","median_diff","min_diff","max_diff"
126396.318998656,599756.627875583,3704,4,8042970
